{
  "best_epoch": 1,
  "peak_cpu_memory_MB": 8373.624832,
  "training_duration": "0:33:29.273913",
  "training_start_epoch": 0,
  "training_epochs": 1,
  "epoch": 1,
  "training_accuracy": 0.8678652047726539,
  "training_precision": 0.8472943902015686,
  "training_recall": 0.8964903950691223,
  "training_f1": 0.8711984157562256,
  "training_loss": 0.313269577997247,
  "training_cpu_memory_MB": 8373.624832,
  "validation_accuracy": 0.8163265306122449,
  "validation_precision": 0.7590027451515198,
  "validation_recall": 0.9288135766983032,
  "validation_f1": 0.8353657722473145,
  "validation_loss": 0.4090923547744751,
  "best_validation_accuracy": 0.8163265306122449,
  "best_validation_precision": 0.7590027451515198,
  "best_validation_recall": 0.9288135766983032,
  "best_validation_f1": 0.8353657722473145,
  "best_validation_loss": 0.4090923547744751
}