{
  "best_epoch": 0,
  "peak_cpu_memory_MB": 1161.043968,
  "training_duration": "0:15:54.838602",
  "training_start_epoch": 0,
  "training_epochs": 0,
  "epoch": 0,
  "training_accuracy": 0.7996613995485328,
  "training_precision": 0.7721518874168396,
  "training_recall": 0.8484554290771484,
  "training_f1": 0.8085073232650757,
  "training_loss": 0.4151055004793344,
  "training_cpu_memory_MB": 1161.043968,
  "validation_accuracy": 0.8299319727891157,
  "validation_precision": 0.8979591727256775,
  "validation_recall": 0.7457627058029175,
  "validation_f1": 0.8148148059844971,
  "validation_loss": 0.4522937536239624,
  "best_validation_accuracy": 0.8299319727891157,
  "best_validation_precision": 0.8979591727256775,
  "best_validation_recall": 0.7457627058029175,
  "best_validation_f1": 0.8148148059844971,
  "best_validation_loss": 0.4522937536239624
}